<?xml version="1.0" encoding="utf-8" ?>
<dwsync>
<file name="a96b863fd6.js" server="mitmd-www-01.cloudapp.net:10100//var/www/html/app2-zendphp/" local="131187074441940717" remote="131187307680000000" />
<file name="angular-mocks.js" server="mitmd-www-01.cloudapp.net:10100//var/www/html/app2-zendphp/" local="131187074445311570" remote="131187307690000000" />
<file name="angular-resource.min.js" server="mitmd-www-01.cloudapp.net:10100//var/www/html/app2-zendphp/" local="131187074462569009" remote="131187307690000000" />
<file name="angular-route.min.js" server="mitmd-www-01.cloudapp.net:10100//var/www/html/app2-zendphp/" local="131187074465484404" remote="131187307700000000" />
<file name="angular.min.js" server="mitmd-www-01.cloudapp.net:10100//var/www/html/app2-zendphp/" local="131187074472100175" remote="131187307700000000" />
<file name="application.js" server="mitmd-www-01.cloudapp.net:10100//var/www/html/app2-zendphp/" local="131187074473300291" remote="131187307710000000" />
<file name="bootstrap.min.js" server="mitmd-www-01.cloudapp.net:10100//var/www/html/app2-zendphp/" local="131187074479455923" remote="131187307710000000" />
<file name="controllers.js" server="mitmd-www-01.cloudapp.net:10100//var/www/html/app2-zendphp/" local="131187245210506129" remote="131187307710000000" />
<file name="directives.js" server="mitmd-www-01.cloudapp.net:10100//var/www/html/app2-zendphp/" local="131187074483136610" remote="131187307720000000" />
<file name="ie10-viewport-bug-workaround.js" server="mitmd-www-01.cloudapp.net:10100//var/www/html/app2-zendphp/" local="131187074485201314" remote="131187307720000000" />
<file name="jquery.min.js" server="mitmd-www-01.cloudapp.net:10100//var/www/html/app2-zendphp/" local="131187074490912275" remote="131187307720000000" />
<file name="react-theme.js" server="mitmd-www-01.cloudapp.net:10100//var/www/html/app2-zendphp/" local="131187220102531692" remote="131187307730000000" />
<file name="routes.js" server="mitmd-www-01.cloudapp.net:10100//var/www/html/app2-zendphp/" local="131187259584564870" remote="131187307730000000" />
<file name="sample.js" server="mitmd-www-01.cloudapp.net:10100//var/www/html/app2-zendphp/" local="131187074493867931" remote="131187307730000000" />
<file name="services.js" server="mitmd-www-01.cloudapp.net:10100//var/www/html/app2-zendphp/" local="131187074495408135" remote="131187307730000000" />
<file name="values.js" server="mitmd-www-01.cloudapp.net:10100//var/www/html/app2-zendphp/" local="131187074496318319" remote="131187307730000000" />
</dwsync>